
{
    "display": {
      "icon": {
        "item": "minecraft:command_block_minecart"
      },
      "title": {
        "text": "Resourcepack load failed!"
      },
      "description": {
        "text": "Resourcepack load failed!"
      },
      "frame": "task",
      "show_toast": false,
      "announce_to_chat": false,
      "hidden": false,
      "background": "minecraft:textures/gui/advancements/backgrounds/stone.png"
    },
    "criteria": {
      "custom": {
        "trigger": "switchableresourcepacks:failed"
      }
    },
    "requirements": [
      [
        "custom"
      ]
    ]
  }