{"stats":{"minecraft:custom":{"minecraft:time_since_rest":2403316,"minecraft:crouch_one_cm":8939,"minecraft:sprint_one_cm":158898,"minecraft:play_time":2405450,"minecraft:deaths":7,"minecraft:damage_taken":110,"minecraft:walk_one_cm":75366,"minecraft:sneak_time":5407,"minecraft:mob_kills":1,"minecraft:drop":9,"minecraft:jump":1131,"minecraft:damage_dealt":80,"minecraft:leave_game":46,"minecraft:walk_on_water_one_cm":3899,"minecraft:time_since_death":2403316,"minecraft:total_world_time":2405469,"minecraft:fall_one_cm":36618,"minecraft:fly_one_cm":812670,"minecraft:open_chest":9},"minecraft:dropped":{"minecraft:oak_fence":1,"minecraft:barrier":130,"minecraft:stone":2,"minecraft:axolotl_spawn_egg":1,"minecraft:netherite_sword":1},"minecraft:used":{"minecraft:oak_fence":14,"minecraft:netherite_sword":1,"minecraft:command_block":1,"minecraft:barrier":87,"minecraft:axolotl_spawn_egg":24,"minecraft:stone_slab":3,"minecraft:stone":2,"minecraft:stone_brick_stairs":3},"minecraft:killed":{"minecraft:sheep":1}},"DataVersion":2730}